4EJ5JQo42t2P0eLoUpHh,
tic,"cc po 123",,ieY5tPMbgV7D3UjO6j/k/Z1fZHHKZxbgi1o5uOmSMzMpPY4u5OalN5/k9rEBemJSZbI/mBaozh2WJqBXgYyecQKjaEMBuE8++zl0ovZ7MfzsnaD0dBL5gcWfjfFi3boVN7dFXQjWOUcGQ4tGWHPhOGPICAvf+iQBuuF6vGF+lVk=,P9awewCVkW0Jf/D5VvkemhS+YhCFQQiTYxH4ye23uly4HPDxzvh6v5tF3NeYhghD2/iKspDSCPVYyuEO2FOxPaSPQ+ekbqvijFEs5zmOAGTnAMEpAz290W121FSV/N0K29hK86XvFwK8HGM5j3afEGxCaghVkU/tQMkoW96yn6E=,AeXT6vCKL6dJJKLLVJ5gOI61EV74QHRCGodX5/HPcmgZeyHh8kjhuM32fOgeLjjyqoAguWyHW72D0csNFsKpNS10DIeDLyhORvILFPWyCsXnzqDocRKrJjj1NtiGa/G7JYswifX+i5XGirOy4oyJS9BUdHNdWpqZ6eQED7eiXXA=,ElFQEa2w3sB3Ze2uXJYmlvUTpquMB6gh3y3jU+99lEcn9ZE6Vo+PI0KY+clsl18Ub/OrBB4kPGGoJCISyr1Zkqm+33GKtCKp6QshscyDD43Ey7ni+MNFleZivRD0H70vUaOzTXqUpEDRvGnTg3gjOHHkDaLhbLmHuIu7yvcjIzM=,ikaTMkST3w9bYSkz/qc3PlsPxfXVSxdfEB25vuFRbN+UaUUr6/zjZH1zRkbWnZ+28QSxtn2IpAtj5T+5H+51Lj2h0qPogJGE0yTluo/KaRFnHHOv5+JN6BHNaN4P4eO3TMKy+dFiEY6UVurLfpF+8t3jE4AGhy9g2qryHazu+kA=,AdFhS6831atwVnvdcms6yDHn+3v2C5E+XzwSA8DJ+x0bYc4m5KQ8/Z63f5mVmIJI8vKDWJZmNK1J8mnVfF7KuajPedG822pG7wUEg0/OvOYR1NBn8vbQjrIc0dUG5QR2P8AYRGfM9cdvfULko3jKU+7PCNtQ7OK7ddZ1sPiq/c4=,dGwj9ldy1SVwwGCa7EhXOdhWKQ9PCyzbU60JtcTly7XnR+VIizJw63KD5prYntFem+5ari9UFqYrQ5llvhCmkC3xGIuGgL/8QgogCezjUimexbxxrGmDBrbuxpnapXcoZMEpwpeA642yf1NAHPPgz3pB6ZYGLuex7hsRHl6nVrY=,dan,klotz,7894561237,,,dan@htslabs.com,dan,klotz,7894561237,,,,,,,,,dan@htslabs.com,dan,KLOTZ,,,,,,,,,,,dan@htslabs.com
,,,,,
,,,,,
,,,,,
,,,,,
,,,,,
,,,,,
,,,,,
,,,,,
,,,,,
,,,,,
Bl0RNZxBVnHKbxs50V5y